	tconst	summary
0	tt0903747	A chemistry teacher diagnosed with inoperable lung cancer turns to manufacturing and selling methamphetamine with a former student in order to secure his family's future.
1	tt0944947	Nine noble families fight for control over the lands of Westeros, while an ancient enemy returns after being dormant for millennia.
2	tt1475582	A modern update finds the famous sleuth and his doctor partner solving crime in 21st-century London.
3	tt0386676	A mockumentary on a group of typical office workers, where the workday consists of ego clashes, inappropriate behavior, and tedium.
4	tt4574334	When a young boy disappears, his mother, a police chief and his friends must confront terrifying supernatural forces in order to get him back.
5	tt2861424	An animated series that follows the exploits of a super scientist and his not-so-bright grandson.
6	tt0306414	The Baltimore drug scene, as seen through the eyes of drug dealers and law enforcement.
7	tt0417299	In a war-torn world of elemental magic, a young boy reawakens to undertake a dangerous mystic quest to fulfill his destiny as the Avatar, and bring peace to the world.
8	tt0412142	An antisocial maverick doctor who specializes in diagnostic medicine does whatever it takes to solve puzzling cases that come his way using his crack team of doctors and his wits.
9	tt2356777	Seasonal anthology series in which police investigations unearth the personal and professional secrets of those involved, both within and outside the law.
10	tt0773262	He's smart. He's lovable. He's Dexter Morgan, America's favorite serial killer, who spends his days solving crimes and nights committing them. Golden Globe winner Michael C. Hall stars in th... Read all
11	tt2560140	After his hometown is destroyed and his mother is killed, young Eren Jaeger vows to cleanse the earth of the giant humanoid Titans that have brought humanity to the brink of extinction.
12	tt3032476	The trials and tribulations of criminal lawyer Jimmy McGill in the years leading up to his fateful run-in with Walter White and Jesse Pinkman.
13	tt2442560	A gangster family epic set in 1900s England, centering on a gang who sew razor blades in the peaks of their caps, and their fierce boss Tommy Shelby.
14	tt2085059	An anthology series exploring a twisted, high-tech multiverse where humanity's greatest innovations and darkest instincts collide.
15	tt1520211	Sheriff Deputy Rick Grimes wakes up from a coma to learn the world is in ruins and must lead a group of survivors to stay alive.
16	tt0877057	An intelligent high school student goes on a secret crusade to eliminate criminals from the world after discovering a notebook capable of killing anyone whose name is written into it.
17	tt8111088	The travels of a lone bounty hunter in the outer reaches of the galaxy, far from the authority of the New Republic.
18	tt1856010	A Congressman works with his equally conniving wife to exact revenge on the people who betrayed him.
19	tt0460649	A father recounts to his children - through a series of flashbacks - the journey he and his four best friends took leading up to him meeting their mother.
20	tt0898266	A woman who moves into an apartment across the hall from two brilliant but socially awkward physicists shows them how little they know about life outside of the laboratory.
21	tt1442437	Three different but related families face trials and tribulations in their own uniquely comedic ways.
22	tt1190634	A group of vigilantes set out to take down corrupt superheroes who abuse their superpowers.
23	tt2802850	Various chronicles of deception, intrigue and murder in and around frozen Minnesota. Yet all of these tales mysteriously lead back one way or another to Fargo, North Dakota.
24	tt2306299	Vikings transports us to the brutal and mysterious world of Ragnar Lothbrok, a Viking warrior and farmer who yearns to explore--and raid--the distant shores across the ocean.
25	tt9335498	A family is attacked by demons and only two members survive - Tanjiro and his sister Nezuko, who is turning into a demon slowly. Tanjiro sets out to become a demon slayer to avenge his famil... Read all
26	tt0455275	Due to a political conspiracy, an innocent man is sent to death row and his only hope is his brother, who makes it his mission to deliberately get himself sent to the same prison in order to... Read all
27	tt2707408	A chronicled look at the criminal exploits of Colombian drug lord Pablo Escobar, as well as the many other drug kingpins who plagued the country through the years.
28	tt0411008	The survivors of a plane crash are forced to work together in order to survive on a seemingly deserted tropical island.
29	tt0460681	Two brothers follow their father's footsteps as hunters, fighting evil supernatural beings of many kinds, including monsters, demons, and gods that roam the earth.
30	tt1632701	On the run from a drug deal gone bad, brilliant college dropout Mike Ross finds himself working with Harvey Specter, one of New York City's best lawyers.
31	tt14392248	It is the story of the journey of three UPSC (public service competitive exams in India) aspirants and their friendship against all odds.
32	tt0367279	Level-headed son Michael Bluth takes over family affairs after his father is imprisoned. But the rest of his spoiled, dysfunctional family are making his job unbearable.
33	tt0303461	Five hundred years in the future, a renegade crew aboard a small spacecraft tries to survive as they travel the unknown parts of the galaxy and evade warring factions as well as authority ag... Read all
34	tt5753856	A family saga with a supernatural twist, set in a German town where the disappearance of two young children exposes the relationships among four families.
35	tt3322312	A blind lawyer by day, vigilante by night. Matt Murdock fights the crime of New York as Daredevil.
36	tt1355642	Two brothers search for a Philosopher's Stone after an attempt to revive their deceased mother goes awry and leaves them in damaged physical forms.
37	tt0472954	Five friends with big egos and small brains are the proprietors of an Irish pub in Philadelphia.
38	tt1442449	The life of Spartacus, the gladiator who lead a rebellion against the Romans. From his time as an ally of the Romans, to his betrayal and becoming a gladiator, to the rebellion he leads and ... Read all
39	tt1844624	An anthology series centering on different characters and locations, including a house with a murderous past, an insane asylum, a witch coven, a freak show circus, a haunted hotel, a possess... Read all
40	tt0475784	At the intersection of the near future and the reimagined past, waits a world in which every human appetite can be indulged without consequence.
41	tt7657124	The moral stories of a group of champions (Pahlevanan) living in Kharazm city in 13th century.
42	tt0804503	A drama about one of New York's most prestigious ad agencies at the beginning of the 1960s, focusing on one of the firm's most mysterious but extremely talented ad executives, Donald Draper.
43	tt11126994	Set in utopian Piltover and the oppressed underground of Zaun, the story follows the origins of two iconic League champions-and the power that will tear them apart.
44	tt4158110	Elliot, a brilliant but highly unstable young cyber-security engineer and vigilante hacker, becomes a key figure in a complex game of global dominance when he and his shadowy allies try to t... Read all
45	tt1124373	A biker struggles to balance being a father and being involved in an outlaw motorcycle club.
46	tt1586680	A scrappy, feisty, fiercely loyal Chicago family makes no apologies.
47	tt12392504	Set in 1980s and '90s Bombay, it follows the life of Harshad Mehta, a stockbroker who took the stock market to dizzying heights and his catastrophic downfall.
48	tt0436992	The further adventures in time and space of the alien adventurer known as the Doctor and their companions from planet Earth.
49	tt6468322	An unusual group of robbers attempt to carry out the most perfect robbery in Spanish history - stealing 2.4 billion euros from the Royal Mint of Spain.
50	tt1266020	The absurd antics of an Indiana town's public officials as they pursue sundry projects to make their city a better place.
51	tt1606375	A chronicle of the lives of the British aristocratic Crawley family and their servants in the early twentieth century.
52	tt5290382	Set in the late 1970s, two FBI agents are tasked with interviewing serial killers to solve open cases.
53	tt5071412	A financial advisor drags his family from Chicago to the Missouri Ozarks, where he must launder money to appease a drug boss.
54	tt1796960	A bipolar CIA operative becomes convinced a prisoner of war has been turned by al-Qaeda and is planning to carry out a terrorist attack on American soil.
55	tt4786824	Follows the political rivalries and romance of Queen Elizabeth II's reign and the events that shaped the second half of the twentieth century.
56	tt0285403	"In the unreal world of Sacred Heart Hospital, intern John ""J.D."" Dorian learns the ways of medicine, friendship and life."
57	tt5180504	Geralt of Rivia, a solitary monster hunter, struggles to find his place in a world where people often prove more wicked than beasts.
58	tt2467372	Comedy series following the exploits of Det. Jake Peralta and his diverse, lovable colleagues as they police the NYPD's 99th Precinct.
59	tt1439629	A suspended lawyer is forced to enroll in a community college with an eccentric staff and student body.
60	tt10986410	American college football coach Ted Lasso heads to London to manage AFC Richmond, a struggling English Premier League football team.
61	tt5555260	A heartwarming and emotional story about a unique set of triplets, their struggles and their wonderful parents.
62	tt7767422	A teenage boy with a sex therapist mother teams up with a high school classmate to set up an underground sex therapy clinic at school.
63	tt0979432	An Atlantic City politician plays both sides of the law by conspiring with gangsters during the Prohibition era.
64	tt7660850	The Roy family is known for controlling the biggest media and entertainment company in the world. However, their world changes when their father steps down from the company.
65	tt0248654	A chronicle of the lives of a dysfunctional family who run an independent funeral home in Los Angeles.
66	tt0264235	The life and times of Larry David and the predicaments he gets himself into with his friends and complete strangers.
67	tt5834204	Set in a dystopian future, a woman is forced to live as a concubine under a fundamentalist theocratic dictatorship.
68	tt0384766	A down-to-earth account of the lives of both illustrious and ordinary Romans set in the last days of the Roman Republic.
69	tt0407362	When an old enemy, the Cylons, resurface and obliterate the 12 colonies, the crew of the aged Galactica protect a small civilian fleet - the last of humanity - as they journey toward the fab... Read all
70	tt1119644	An F.B.I. agent is forced to work with an institutionalized scientist and his son in order to rationalize a brewing storm of unexplained phenomena.
71	tt5675620	"After his revenge on those who murdered his family, aimless Marine veteran Frank Castle finds a new meaning in life as a vigilante known as ""The Punisher""."
72	tt2098220	Gon Freecss aspires to become a Hunter, an exceptional being capable of greatness. With his friends and his potential, he seeks out his father, who left him when he was younger.
73	tt10919420	Hundreds of cash-strapped players accept a strange invitation to compete in children's games. Inside, a tempting prize awaits with deadly high stakes. A survival game that has a whopping 45.... Read all
74	tt2243973	Explores the early relationship between renowned psychiatrist Hannibal Lecter and a young FBI criminal profiler who is haunted by his ability to empathize with serial killers.
75	tt3398228	"BoJack Horseman was the star of the hit television show ""Horsin' Around"" in the '80s and '90s, but now he's washed up, living in Hollywood, complaining about everything, and wearing colorful... Read all"
76	tt1831164	Turkish television comedy series set in Istanbul, Leyla and Mecnun is a surreal and absurd comedy that revolves around the fictional love story between Leyla and Mecnun.
77	tt1865718	Twin siblings Dipper and Mabel Pines spend the summer at their great-uncle's tourist trap in the enigmatic Gravity Falls, Oregon.
78	tt0285331	Counter Terrorism Agent Jack Bauer races against the clock to subvert terrorist plots and save his nation from ultimate disaster.
79	tt11198330	An internal succession war within House Targaryen at the height of its power, 172 years before the birth of Daenerys Targaryen.
80	tt0988824	Naruto Uzumaki, is a loud, hyperactive, adolescent ninja who constantly searches for approval and recognition, as well as to become Hokage, who is acknowledged as the leader and strongest of... Read all
81	tt1628033	The hosts talk about everything car-related. From new cars to how they're fueled, this show has it all.
82	tt1839578	An ex-CIA agent and a wealthy programmer save lives via a surveillance AI that sends them the identities of civilians involved in impending crimes. However, the details of the crimes, includ... Read all
83	tt0387199	Film star Vince Chase navigates the vapid terrain of Los Angeles with a close circle of friends and his trusty agent.
84	tt3530232	Former Daily Show host and correspondent John Oliver brings his persona to this weekly news satire program.
85	tt3920596	The apparently-perfect lives of upper-class mothers of students at a prestigious elementary school unravel to the point of murder when a single mother moves to their quaint California beach ... Read all
86	tt4052886	Lucifer Morningstar has decided he's had enough of being the dutiful servant in Hell and decides to spend some time on Earth to better understand humanity. He settles in Los Angeles - the Ci... Read all
87	tt1486217	Covert black ops and espionage take a back seat to zany personalities and relationships between secret agents and drones.
88	tt9140554	The mercurial villain Loki resumes his role as the God of Mischief in a new series that takes place after the events of “Avengers: Endgame.”
89	tt4508902	The story of Saitama, a hero that does it just for fun & can defeat his enemies with a single punch.
90	tt4236770	A ranching family in Montana faces off against others encroaching on their land.
91	tt1305826	A 12-year-old boy and his best friend, wise 28-year-old dog with magical powers, go on a series of surreal adventures with each other in a remote future.
92	tt2372162	Convicted of a decade old crime of transporting drug money to an ex-girlfriend, normally law-abiding Piper Chapman is sentenced to a year and a half behind bars to face the reality of how li... Read all
93	tt3006802	An English combat nurse from 1945 is mysteriously swept back in time to 1743.
94	tt5788792	"After her husband leaves her, young mother of two Miriam ""Midge"" Maisel discovers that she has a talent for stand-up comedy. Could this be her calling?"
95	tt7221388	Decades after their 1984 All Valley Karate Tournament bout, a middle-aged Daniel LaRusso and Johnny Lawrence find themselves martial-arts rivals again.
96	tt5687612	A comedy series adapted from the award-winning play about a young woman trying to cope with life in London whilst coming to terms with a recent tragedy.
97	tt3230854	In the 24th century, a group of humans untangle a vast plot which threatens the Solar System's fragile state of detente.
98	tt0452046	The cases of the F.B.I. Behavioral Analysis Unit (B.A.U.), an elite group of profilers who analyze the nation's most dangerous serial killers and individual heinous crimes in an effort to an... Read all
99	tt6741278	An adult animated series based on the Skybound/Image comic about a teenager whose father is the most powerful superhero on the planet.
100	tt2741602	A new FBI profiler, Elizabeth Keen, has her entire life uprooted when a mysterious criminal, Raymond Reddington, who has eluded capture for decades, turns himself in and insists on speaking ... Read all
101	tt8772296	A look at life for a group of high school students as they grapple with issues of drugs, sex, and violence.
102	tt0904208	A writer tries to juggle his career, his relationship with his daughter and his ex-girlfriend, as well as his appetite for beautiful women.
103	tt0286486	Drama series following the lives and cases of dirty cop Vic Mackey and the LAPD unit under his command.
104	tt4179452	As Alfred the Great defends his kingdom from Norse invaders, Uhtred--born a Saxon but raised by Vikings--seeks to claim his ancestral birthright.
105	tt0487831	The comedic misadventures of Roy, Moss and their grifting supervisor Jen, a rag-tag team of IT support workers at a large corporation headed by a hotheaded yuppie.
106	tt2575988	Follows the struggle of Richard Hendricks, a Silicon Valley engineer trying to build his own company called Pied Piper.
107	tt1489428	U.S. Marshal Raylan Givens is reassigned from Miami to his childhood home in the poor, rural coal mining towns of eastern Kentucky.
108	tt1196946	"A famous ""psychic"" outs himself as a fake, and starts working as a consultant for the California Bureau of Investigation so he can find ""Red John"", the madman who killed his wife and daughte... Read all"
109	tt9561862	A collection of animated short stories that span various genres including science fiction, fantasy, horror and comedy.
110	tt0413573	A drama centered on the personal and professional lives of five surgical interns and their supervisors.
111	tt9432978	Dedicated to Shrimati SL Loney ji, Shri Irodov ji and Maanniya HC Verma ji, 'Kota Factory' is TVF's latest original. India's first 'Black and White' show highlights the problems present day ... Read all
112	tt1870479	A newsroom undergoes some changes in its workings and morals as a new team is brought in, bringing unexpected results for its existing news anchor.
113	tt11280740	Mark leads a team of office workers whose memories have been surgically divided between their work and personal lives. When a mysterious colleague appears outside of work, it begins a journe... Read all
114	tt0348914	A show set in the late 1800s, revolving around the characters of Deadwood, South Dakota; a town of deep corruption and crime.
115	tt0844441	Telepathic waitress Sookie Stackhouse encounters a strange new supernatural world when she meets the mysterious Bill Compton, a southern Louisiana gentleman and vampire.
116	tt2788432	An anthology series centered around America's most notorious crimes and criminals.
117	tt1474684	DCI John Luther is a near-genius murder detective whose brilliant mind can't always save him from the dangerous violence of his passions.
118	tt0458290	Jedi Knights lead the Grand Army of the Republic against the droid army of the Separatists.
119	tt0238784	A dramedy centering around the relationship between a thirtysomething single mother and her teen daughter living in Stars Hollow, Connecticut.
120	tt1405406	The lives, loves, dangers and disasters in the town, Mystic Falls, Virginia. Creatures of unspeakable horror lurk beneath this town as a teenage girl is suddenly torn between two vampire bro... Read all
121	tt7908628	A look into the daily (or rather nightly) lives of four vampires who've lived together on Staten Island for over a century.
122	tt1219024	"After a serial killer imitates the plots of his novels, successful mystery novelist Richard ""Rick"" Castle receives permission from the Mayor of New York City to tag along with an NYPD homici... Read all"
123	tt1358522	A white-collar criminal agrees to help the FBI catch other white-collar criminals using his expertise as an art and securities thief, counterfeiter, and conman.
124	tt2632424	A family of power-hungry thousand-year-old vampires look to take back the city that they built and dominate all those who have done them wrong.
125	tt2193021	Spoiled billionaire playboy Oliver Queen is missing and presumed dead when his yacht is lost at sea. He returns five years later a changed man, determined to clean up the city as a hooded vi... Read all
126	tt1695360	Avatar Korra fights to keep Republic City safe from the evil forces of both the physical and spiritual worlds.
127	tt0496424	"Liz Lemon, head writer of the sketch-comedy show ""TGS with Tracy Jordan"", must deal with an arrogant new boss and a crazy new star while trying to run a successful television show without lo... Read all"
128	tt3526078	After being a victim of fraud, Johnny Rose and his family go from extremely wealthy to penniless overnight. The only asset left to them is a small, unsophisticated town: Schitt's Creek. They... Read all
129	tt1312171	A family of former child heroes, now grown apart, must reunite to continue to protect the world.
130	tt5712554	Follow Jeremy, Richard and James, as they embark on an adventure across the globe, driving new and exciting automobiles from manufacturers all over the world.
131	tt3107288	After being struck by lightning, Barry Allen wakes up from his coma to discover he's been given the power of super speed, becoming the Flash, and fighting crime in Central City.
132	tt0409591	Naruto Uzumaki, a mischievous adolescent ninja, struggles as he searches for recognition and dreams of becoming the Hokage, the village's leader and strongest ninja.
133	tt0290978	The story of an office that faces closure when the company decides to downsize its branches. A documentary film crew follow staff and the manager David Brent as they continue their daily liv... Read all
134	tt2149175	At the height of the Cold War, two Russian agents pose as the average American couple, complete with family.
135	tt0491738	When a novice sleuth convinces the police he has psychic powers, he and his reluctant best friend are hired on as consultants to help solve complicated cases.
136	tt2303687	Drama series following the investigations of AC-12, a controversial police anti-corruption unit.
137	tt0934814	When a computer geek inadvertently downloads critical government secrets into his brain, both the CIA and the NSA assign an agent to protect him and exploit his newfound skills.
138	tt4270492	New money means no mercy as Mike Prince takes the Axe Capital throne. Chuck Rhoades is convinced no one should have that much wealth - or power. As all the players seek out new alliances, on... Read all
139	tt3205802	A group of ambitious law students and their brilliant criminal defense professor become involved in a twisted murder plot that promises to change the course of their lives.
140	tt1843230	A young woman with a troubled past is drawn to a small town in Maine where fairy tales are to be believed.
141	tt0758745	A drama that follows the lives of the Dillon Panthers, one of the nation's best high school football teams, and their head coach Eric Taylor.
142	tt0212671	A gifted young teen tries to survive life with his dimwitted, dysfunctional family.
143	tt2017109	An ex-con assumes the identity of a murdered sheriff in the small town of Banshee, Pennsylvania, where he has some unfinished business.
144	tt0994314	After being given a mysterious power to control others, an outcast prince becomes the masked leader of the rebellion against an all-powerful empire.
145	tt14650074	It revolves around Bhuvan and his family's everyday lives, when an unexpected purchase leads to a series of events and depicts every common man's larger than life dreams.
146	tt5189670	Filmed over a 10-year period, Steven Avery, a DNA exoneree who, while in the midst of exposing corruption in local law enforcement, finds himself the prime suspect in a grisly new crime.
147	tt9471404	A charismatic fisherman struggling with debt. A troubled woman wrestling with demons. A gifted accountant ostracised from his family and people. In this ground-breaking first season of The C... Read all
148	tt1733785	When a body is found on the bridge between Denmark and Sweden, right on the border, Danish inspector Martin Rohde and Swedish Saga Norén have to share jurisdiction and work together to find ... Read all
149	tt2357547	Following the tragic end of her brief superhero career, Jessica Jones tries to rebuild her life as a private investigator, dealing with cases involving people with remarkable abilities in Ne... Read all
150	tt4955642	Four people and their otherworldly frienemy struggle in the afterlife to define what it means to be good.
151	tt3749900	The story behind Detective James Gordon's rise to prominence in Gotham City in the years before Batman's arrival.
152	tt1637727	A police investigation, the saga of a grieving family, and a Seattle mayoral campaign all interlock after the body of 17-year-old Rosie Larsen is found in the trunk of a submerged car.
153	tt5421602	The adventures of a young orphan girl living in the early 19th century. Follow Anne as she learns to navigate her new life on Prince Edward Island, in this new take on L.M. Montgomery's clas... Read all
154	tt13991232	Follows the Dutton family as they embark on a journey west.
155	tt9544034	A working man from the National Investigation Agency tries to protect the nation from terrorism, but he also needs to keep his family safe from his secret job.
156	tt3647998	Adventurer James Keziah Delaney returns to London during the War of 1812 to rebuild his late father's shipping empire. However, both the government and his biggest competitor want his inheri... Read all
157	tt0364845	The cases of the Naval Criminal Investigative Service's Washington, D.C. Major Case Response Team.
158	tt6257970	James is 17 and is pretty sure he is a psychopath. Alyssa, also 17, is the cool and moody new girl at school. The pair make a connection and she persuades him to embark on a road trip in sea... Read all
159	tt8398600	After Tony's wife dies, his nice-guy persona is altered into an impulsive, devil-may-care attitude that takes his old world by storm.
160	tt2431438	A group of people around the world are suddenly linked mentally, and must find a way to survive being hunted by those who see them as a threat to the world's order.
161	tt1442462	Alicia Florrick has been a good wife to her husband, a former state's attorney. After a very humiliating sex and corruption scandal, he is behind bars. She must now provide for her family an... Read all
162	tt2249364	The murder of a young boy in a small coastal town brings a media frenzy, which threatens to tear the community apart.
163	tt1910272	After discovering time travel, a university student and his colleagues must use their knowledge of it to stop an evil organization and their diabolical plans.
164	tt2234222	A streetwise hustler is pulled into a compelling conspiracy after witnessing the suicide of a girl who looks just like her.
165	tt4288182	Earn and his cousin Alfred, based in Atlanta, try to make their way in the world through the rap scene. Along the way they come face-to-face with social and economic issues touching on race,... Read all
166	tt7335184	A dangerously charming, intensely obsessive young man goes to extreme measures to insert himself into the lives of those he is transfixed by.
167	tt12004706	A comedy-drama, which captures the journey of an engineering graduate Abhishek, who for lack of a better job option joins as secretary of a Panchayat office in a remote village of Uttar Prad... Read all
168	tt0460627	"Forensic anthropologist Dr. Temperance ""Bones"" Brennan and cocky F.B.I. Special Agent Seeley Booth build a team to investigate murders. Quite often, there isn't more to examine than rotten f... Read all"
169	tt2364582	The missions of the Strategic Homeland Intervention, Enforcement and Logistics Division.
170	tt0353049	Comedian Dave Chappelle hosts this sketch-comedy show that parodies many of the nuances of race and culture.
171	tt3502248	An L.A.P.D. homicide detective works to solve the murder of a 13-year-old boy while standing trial in federal court for the murder of a serial killer.
172	tt8714904	The rise of the Guadalajara Cartel as an American DEA agent learns the danger of targeting narcos in Mexico.
173	tt7203552	An inside look at the lives of the people who help America wake up in the morning, exploring the unique challenges faced by the men and women who carry out this daily televised ritual.
174	tt1837492	Follows teenager Clay Jensen, in his quest to uncover the story behind his classmate and crush, Hannah, and her decision to end her life.
175	tt10541088	Follow Jeremy Clarkson as he attempts to run a farm in the countryside.
176	tt0840196	The story of a group of British teens who are trying to grow up and find love and happiness despite questionable parenting and teachers who would rather be friends (and lovers) than authorit... Read all
177	tt2699128	Three years after the disappearance of 2% of the global human population, a group of people in a small New York community try to continue their lives while coping with the tragedy of the une... Read all
178	tt1826940	After a bad break-up, Jess, an offbeat young woman, moves into an apartment loft with three single men. Although they find her behavior very unusual, the men support her - most of the time.
179	tt2628232	Explorer Sir Malcolm Murray, American gunslinger Ethan Chandler, scientist Victor Frankenstein and medium Vanessa Ives unite to combat supernatural threats in Victorian London.
180	tt0412253	After her best friend is murdered, and her father is removed as county Sheriff, Veronica Mars dedicates her life to cracking the toughest mysteries in the affluent town of Neptune.
181	tt0247082	Series following an elite team of police forensic evidence investigation experts as they work their cases in Las Vegas.
182	tt2375692	"Follows Captain Flint and his pirates twenty years prior to Robert Louis Stevenson's classic novel ""Treasure Island."""
183	tt2249007	"Ray Donovan, a professional ""fixer"" for the rich and famous in Los Angeles, can make anyone's problems disappear except those created by his own family."
184	tt4093826	Picks up 25 years after the inhabitants of a quaint northwestern town are stunned when their homecoming queen is murdered.
185	tt1235099	About Cal Lightman, the world's leading deception expert who studies facial expressions and involuntary body language to expose the truth behind the lies.
186	tt0813715	Common people discover that they have super powers. Their lives intertwine as a devastating event must be prevented.
187	tt2191671	A modern take on the cases of Sherlock Holmes, with the detective now living in New York City.
188	tt6470478	Shaun Murphy, a young surgeon with autism and Savant syndrome, is recruited into the surgical unit of a prestigious hospital.
189	tt0421357	When a failed alchemical ritual leaves brothers Edward and Alphonse Elric with severely damaged bodies, they begin searching for the one thing that can save them: the fabled philosopher's st... Read all
190	tt1492966	The life of Louie C.K., a divorced comedian living in New York with two kids.
191	tt1548850	A group of young offenders doing community service get struck by lightning during a storm, and begin to develop superpowers.
192	tt6077448	A link in their pasts leads an honest cop to a fugitive gang boss, whose cryptic warning spurs the officer on a quest to save Mumbai from cataclysm.
193	tt0387764	Mark and Jez are a couple of twenty-something roommates who have nothing in common - except for the fact that their lives are anything but normal. Mayhem ensues as the pair strive to cope wi... Read all
194	tt1561755	Bob Belcher runs his dream restaurant with his wife and three children as their last hope of holding the family together.
195	tt2261227	Set in a future where consciousness is digitized and stored, a prisoner returns to life in a new body and must solve a mind-bending murder to win his freedom.
196	tt7016936	After a series of events, the lives of a security operative and an assassin become inextricably linked.
197	tt0402711	Boston Legal is a spin-off of the long-running David E. Kelley series The Practice (1997), following the exploits of former Practice character Alan Shore (James Spader) at the legal firm of ... Read all
198	tt2188671	A contemporary prequel to Psycho, giving a portrayal of how Norman Bates' psyche unravels through his teenage years, and how deeply intricate his relationship with his mother, Norma, truly i... Read all
199	tt1641384	Teenage superheroes strive to prove themselves as members of the Justice League.
200	tt2049116	Ciro disregards tradition in his attempt to become the next boss of his crime syndicate. The internal power struggle puts him and his entire family's life at risk.
201	tt5626028	A superhero-loving boy without any powers is determined to enroll in a prestigious hero academy and learn what it really means to be a hero.
202	tt5348176	A hit man from the Midwest moves to Los Angeles and gets caught up in the city's theatre arts scene.
203	tt10638036	Teens Charlie and Nick discover their unlikely friendship might be something more as they navigate school and young love in this coming-of-age series.
204	tt13146488	Picking up where O Esquadrão Suicida (2021) left off, Peacemaker returns home after recovering from his encounter with Bloodsport - only to discover that his freedom comes at a price.
205	tt2661044	Set 97 years after a nuclear war destroyed civilization, when a spaceship housing humanity's lone survivors sends 100 juvenile delinquents back to Earth, hoping to repopulate the planet.
206	tt4202274	Filthy Frank and his disease ridden friends talk about various topics and take part in multiple life-threatening shenanigans.
207	tt5114356	David Haller is a troubled young man diagnosed as schizophrenic, but after a strange encounter he discovers special powers that will change his life forever.
208	tt0758790	A dramatic series about the reign and marriages of King Henry VIII.
209	tt6315640	Sam, an 18-year-old on the autism spectrum, decides it's time to find a girlfriend, which sets Sam's mom on her own life-changing path as her son seeks more independence.
210	tt12343534	A boy swallows a cursed talisman - the finger of a demon - and becomes cursed himself. He enters a shaman's school to be able to locate the demon's other body parts and thus exorcise himself... Read all
211	tt4189022	Ash has spent the last thirty years avoiding responsibility, maturity, and the terrors of the Evil Dead until a Deadite plague threatens to destroy all of mankind and Ash becomes mankind's o... Read all
212	tt1710308	The daily surreal adventures of a blue jay and raccoon duo that attempt to deal with their mundane jobs as groundskeepers at the local park.
213	tt5057054	Up-and-coming CIA analyst, Jack Ryan, is thrust into a dangerous field assignment after he uncovers a pattern in terrorist communication that launches him into the center of a dangerous gamb... Read all
214	tt12851524	Three strangers who share an obsession with true crime suddenly find themselves caught up in one.
215	tt0863046	Bret and Jemaine are Flight of the Conchords, a folk-rock band from New Zealand living in New York City in search of stardom.
216	tt1759761	Former Senator Selina Meyer finds that being Vice President of the United States is nothing like she hoped and everything that everyone ever warned her about.
217	tt21279678	NCR Days depicts the life of a small town guy studying in a city that is completely contrasting to his perspectives in life.
218	tt1567432	An average high school student and his best friend get caught up in some trouble causing him to receive a werewolf bite. As a result they find themselves in the middle of all sorts of dramas... Read all
219	tt0410975	Secrets and truths unfold through the lives of female friends in one suburban neighborhood, after the mysterious suicide of a neighbor.
220	tt0439100	When a suburban mother turns to dealing marijuana in order to maintain her privileged lifestyle after her husband dies, she finds out just how addicted her entire neighborhood already is.
221	tt0275137	Seven of the most formidable heroes form arguably the most powerful team ever.
222	tt0278238	A samurai, sent through time, fights to return home and save the world.
223	tt1220617	Follows four friends and their antics during their final years of school.
224	tt10233448	Thorfinn pursues a journey with his father's killer in order to take revenge and end his life in a duel as an honorable warrior and pay his father a homage.
225	tt0397442	Privileged teens living on the Upper East Side of New York can hide no secret from the ruthless blogger who is always watching.
226	tt6048596	Anthology series that examines how and why ordinary people commit brutal crimes.
227	tt0290988	Three petty felons have a documentary made about their life in a trailer park.
228	tt9288030	Jack Reacher was arrested for murder and now the police need his help. Based on the books by Lee Child.
229	tt1830617	A homicide detective discovers he is a descendant of hunters who fight supernatural forces.
230	tt2294189	A seemingly cold but very passionate policewoman goes head to head with a seemingly passionate father who is in fact a cold serial killer in this procedural out of Belfast. The only thing th... Read all
231	tt1837642	An emotionally troubled young woman sets out to exact revenge against the people who wronged her father.
232	tt6473300	A shocking incident at a wedding procession ignites a series of events entangling the lives of two families in the lawless city of Mirzapur.
233	tt0312172	The series follows Adrian Monk, a brilliant former San Francisco detective, who now consults the police as a private consultant who battles with an obsessive-compulsive disorder.
234	tt1578873	Four friends band together against an anonymous foe who threatens to reveal their darkest secrets, while also investigating the disappearance of their best friend.
235	tt0423731	"Fuu, a waitress who works in a teahouse, rescues two master swordsmen, Mugen and Jin, from their execution to help her find the ""samurai who smells of sunflowers."""
236	tt2100976	Q, Sal, Joe and Murr are real-life best friends who love challenging each other to the most outrageous dares and stunts ever caught on hidden camera.
237	tt2297757	Nathan Fielder uses his business degree and life experiences to help real small businesses turn a profit. But because of his unorthodox approach, Nathan's genuine efforts to do good often dr... Read all
238	tt0925266	A pastry chef with the power to bring dead people back to life solves murder mysteries with his resurrected childhood sweetheart, a cynical private investigator, and a lovesick waitress.
239	tt5691552	Set 400 years in the future, finds the crew of the U.S.S. Orville continuing their mission of exploration, as they navigate both the mysteries of the universe and the complexities of their o... Read all
240	tt0237123	Six best friends talk about all aspects of sex and relationships on their never-ending quest to find true love.
241	tt0810788	A spy recently disavowed by the U.S. government uses his special ops training to help others in trouble.
242	tt8289930	Docuseries following the FIA Formula One World Championship across multiple seasons.
243	tt1740299	In a dystopian America dominated by Nazi Germany and Imperial Japan, a young woman discovers a mysterious film that may hold the key to toppling the totalitarian regimes.
244	tt0374455	An international team of scientists and military personnel discover a Stargate network in the Pegasus Galaxy and come face-to-face with a new, powerful enemy: The Wraith.
245	tt0383126	A weekly documentary in which two Hollywood special effects experts attempt to debunk urban legends by directly testing them.
246	tt10850932	The absolute top secret love story of a chaebol heiress who made an emergency landing in North Korea because of a paragliding accident and a North Korean special officer who falls in love wi... Read all
247	tt2937900	A look at the professional and personal lives of the staff at New York's Knickerbocker Hospital during the early part of the twentieth century.
248	tt0279600	A young Clark Kent struggles to find his place in the world as he learns to harness his alien powers for good and deals with the typical troubles of teenage life in Smallville, Kansas.
249	tt0262150	Bernard Black runs a book shop, though his customer service skills leave something to be desired. He hires Manny as an employee. Fran runs the shop next door. Between the three of them many ... Read all
250	tt1534360	Betrayed by his trusted friends and the woman he loved, Ömer Uçar returns as Ezel to exact his vengeance.
251	tt1199099	These are the brand new adventures of Merlin, the legendary sorcerer as a young man, when he was just a servant to young Prince Arthur on the royal court of Camelot, who has soon become his ... Read all
252	tt0369179	A hedonistic jingle writer's free-wheeling life comes to an abrupt halt when his brother and 10-year-old nephew move into his beach-front house.
253	tt6517102	A vampire hunter fights to save a besieged city from an army of otherworldly creatures controlled by Dracula.
254	tt4635276	The personal and professional life of Dev, a 30-year-old actor in New York.
255	tt1795096	Centered around a personally troubled, officially discredited police chief and his inharmonious police team in Ankara Police Force. Even though the show usually focuses on murders and other ... Read all
256	tt3428912	Yorkshire-based crime drama centering on the personal and professional life of Police Sergeant Catherine Cawood.
257	tt1983079	Chronicles the lives of a group of midwives living in East London in the late 1950s to late 1960s.
258	tt2261391	The story of firefighters and paramedics in the city of Chicago, both on a personal and professional level.
259	tt5288312	The story of young teenagers and pupils on Hartvig Nissens upper secondary school in Oslo, and their troubles, scandals and everyday life. Each season is told from a different person's point... Read all
260	tt1869454	A tale of the bungling of Armageddon features an angel, a demon, an 11-year-old Antichrist, and a doom-saying witch.
261	tt0460091	A ne'er do well wins $100,000 in the lottery and decides to right all the wrongs from his past with his newfound realization.
262	tt0826760	Police detective Sarah Lund investigates difficult cases with personal and political consequences.
263	tt0434665	"High school student Ichigo Kurosaki, who has the ability to see ghosts, gains soul reaper powers from Rukia Kuchiki and sets out to save the world from ""Hollows""."
264	tt2359704	The story of the Joestar family, who are possessed with intense psychic strength, and the adventures each member encounters throughout their lives.
265	tt0434706	A brilliant neurosurgeon finds his life in utter turmoil after getting involved with a psychopathic former patient.
266	tt11743610	A former Navy SEAL officer investigates why his entire platoon was ambushed during a high-stakes covert mission.
267	tt2094262	Follows Leonardo Da Vinci during his early days in Florence, as a young artist, inventor and dreamer, trying to change the future.
268	tt2701582	Set from 1965 to 1971, the show follows Endeavour Morse in his early years as a police constable. Working alongside his senior partner DI Fred Thursday, Morse engages in a number of investig... Read all
269	tt7520794	A cynical young woman in New York City keeps dying and returning to the party that's being thrown in her honor on that same evening. She tries to find a way out of this strange time loop.
270	tt1699748	The Civil War is past, but former Confederate soldier Cullen Bohannon can't put it behind him. Fresh are the memories of the death of his wife, killed at the hands of the Union soldiers, an ... Read all
271	tt8064302	A series about a powerful friendship that blossoms between a tightly wound widow and a free spirit with a shocking secret.
272	tt3487382	A 200-year-old man works in the New York City Morgue trying to find a key to unlock the curse of his immortality.
273	tt6611916	While strange rumors about their ill King grip a kingdom, the crown prince becomes their only hope against a mysterious plague overtaking the land.
274	tt0319969	During the Great Depression, an Oklahoma farm boy and a charismatic minister learn that they are key players in a proxy war being fought between Heaven and Hell.
275	tt1751634	Upon escaping after decades of imprisonment by a mortal wizard, Dream, the personification of dreams, sets about to reclaim his lost equipment.
276	tt2384811	After a group of people, who meet online, discover a bizarre graphic novel which seems to hold mysterious answers, they find themselves being tracked down by a merciless organization known m... Read all
277	tt1942683	The life of a twelve-year-old boy who happens to be a blue cat as he lives with his family and other strange creatures.
278	tt3475734	In 1946, Peggy Carter is relegated to secretarial duties in the Strategic Scientific Reserve (SSR). When Howard Stark is accused of treason, he secretly recruits Peggy to clear his name with... Read all
279	tt1909015	Trained young policeman goes undercover in the gang of the most dangerous mafia boss in Bulgaria.
280	tt4635282	Having gone missing seven years ago, the previously blind Prairie returns home, now in her twenties with her sight restored. While many believe she is a miracle, others worry that she could ... Read all
281	tt3609352	Finding out that their husbands are not just work partners, but have also been romantically involved for the last twenty years, two women with an already strained relationship try to cope wi... Read all
282	tt1526318	A political drama about a prime minister's rise to power, and how power changes a prime minister.
283	tt3398540	"Determined to be like the volleyball championship's star player nicknamed ""the small giant"", Shoyo joins his school's volleyball club."
284	tt0852863	Phineas and Ferb invent, scheme, and stay one step ahead of their bratty sister. Meanwhile, their pet platypus plots against evil Dr. Doofenshmirtz.
285	tt0445114	Andy Millman is an actor with ambition and a script. Reduced to working as an extra with a useless agent, Andy's attempts to boost his career invariably end in failure and embarrassment.
286	tt0368530	Half-brothers Lucas and Nathan Scott trade between kinship and rivalry both on the basketball court and in the hearts of their friends in the small, but not so quiet town of Tree Hill, North... Read all
287	tt1344204	Three incoming freshmen attending Midwestern college football powerhouse Blue Mountain State must quickly adapt to college life and juggle football, girls, classes and nonstop hazing.
288	tt5618256	An in-depth look at how an FBI profiler helped track down the terrorist Ted Kaczynski, the Unabomber.
289	tt3895150	A piano prodigy who lost his ability to play after suffering a traumatic event in his childhood is forced back into the spotlight by an eccentric girl with a secret of her own.
290	tt2235759	A royal woman living in rural Russia during the 18th century is forced to choose between her own personal happiness and the future of Russia, when she marries an Emperor.
291	tt2189461	"In a world replete with greed, betrayal, sexual intrigue and rivalry, ""Marco Polo"" is based on the famed explorer's adventures in Kublai Khan's court in 13th century Mongolia."
292	tt5016504	After a supernatural event at his church, a preacher enlists the help of a vampire and his ex to find God.
293	tt1480684	An ensemble comedy that follows a group of old friends in a fantasy football league who care deeply about one another -- so deeply that they use every opportunity to make each other's lives ... Read all
294	tt1416765	The lives and tragedies of the Braverman family tree.
295	tt6524350	Teenage friends find their lives upended by the wonders and horrors of puberty.
296	tt7562112	In the New York of the late '80s and early '90s, this is a story of ball culture and the gay and trans community, the raging AIDS crisis, and capitalism.
297	tt0380136	A comedy panel game in which being Quite Interesting is more important than being right. Sandi Toksvig is joined each week by four comedians to share anecdotes and trivia, and maybe answer s... Read all
298	tt4057372	Sugerland is a Tv series that tells the stories of a land with more than 180 characters from a crazy person who knows a lot but acts like wise people to a wise man who acts like a crazy.
299	tt5651844	Hundreds of years from now, surviving humans discover how to send consciousness back through time, into people of the 21st century, while attempting to change the path of humanity.
300	tt7120662	The personal exploits of a 16-year-old girl and her family and friends during the Troubles in the early 1990s.
301	tt12451520	An extraordinary road to emotional healing opens up for an selfish antisocial children's book writer and a selfless psych ward caretaker when they cross paths.
302	tt2805096	Follows District 21 of the Chicago Police Department, made up of two different groups: the uniformed cops and the Intelligence Unit.
303	tt4047038	Holistic detective Dirk Gently investigates cases involving the supernatural.
304	tt14452776	A young chef from the fine dining world returns to Chicago to run his family's sandwich shop.
305	tt5574490	Centers on a Southern California family, whose excessive lifestyle is fueled by their criminal activities.
306	tt4687880	A disgraced lawyer, now an ambulance chaser, gets a case that could bring him redemption or at least revenge on the firm which expelled him.
307	tt1898069	"A recently released ex-convict named Shadow meets a mysterious man who calls himself ""Wednesday"" and who knows more than he first seems to about Shadow's life and past."
308	tt0866442	Many years after he turned his back on his hometown, a burned-out major league ballplayer returns to teach Physical Education at his old middle school.
309	tt3281796	"James ""Ghost"" St. Patrick, a wealthy New York nightclub owner who has it all, catering to the city's elite and dreaming big, lives a double life as a drug kingpin."
310	tt1837576	A former White House Communications Director starts her own crisis management firm only to realize her clients are not the only ones with secrets.
311	tt0458254	Satirical newscaster Stephen Colbert provides humorous commentary on the big issues going on in the United States and the rest of the world, with his larger-than-life ego and overly-patrioti... Read all
312	tt0397306	The random escapades of Stan Smith, a conservative C.I.A. Agent dealing with family life, and keeping America safe, all in the most absurd way possible.
313	tt0362359	A troubled youth becomes embroiled in the lives of a close-knit group of people in the wealthy, upper-class neighborhood of Newport Beach, Orange County, California.
314	tt5897304	A psychic middle school boy tries to live a normal life and keep his growing powers under control, even though he constantly gets into trouble.
315	tt8788458	When three gifted kids at an isolated idyllic orphanage discover the secret and sinister purpose they were raised for, they look for a way to escape from their evil caretaker and lead the ot... Read all
316	tt7927936	A teenage romance from The Timeliners that aims straight from the heart. This web-series is the story of a young romance unfolding as a chemical reaction.
317	tt3636060	Ross Poldark returns home after American Revolutionary War and rebuilds his life with a new business venture, making new enemies and finding a new love where he least expects it.
318	tt2177461	Diana Bishop, historian and witch, accesses Ashmole 782 and knows she must solve its mysteries. She is offered help by the enigmatic Matthew Clairmont, but he's a vampire and witches should ... Read all
319	tt5607976	A young girl is destined to liberate her world from the grip of the Magisterium which represses people's ties to magic and their animal spirits known as daemons.
320	tt12714854	Set during the 2008 Mumbai attacks, it follows the staff of Bombay General Hospital and their travails during the fateful night of November 26, 2008.
321	tt1492179	Follows the actions of Section 20, a secretive unit of British military intelligence. A team of special operations personnel conduct several high risk missions across the globe.
322	tt2543312	Follows some players in the 80s technological revolution that lead to information society.
323	tt7658402	The series focuses on a single Harley Quinn, who sets off to make it on her own in Gotham City.
324	tt2433738	The confronting look into the lives of the inmates and prison staff of Wentworth Correctional Centre as they navigate the ups and downs of their lives in the prison system.
325	tt0373732	Adventures of two boys, Riley and Huey Freeman, who undergo a culture clash when they move from Chicago to the suburbs to live with their grandfather.
326	tt7826376	A man is able to choose his own afterlife after his untimely death, by having his consciousness uploaded into a virtual world. As he gets used to his new life and befriends his angel (real w... Read all
327	tt1043813	A team of young superheroes combat evil and other perils.
328	tt1103987	A crew of high-tech crooks attempt to steal from wealthy criminals and corrupt businessmen.
329	tt5994364	In his quest for a bride to break his immortal curse, Dokkaebi, a 939-year-old guardian of souls, meets a grim reaper and a sprightly student with a tragic past.
330	tt4647692	Quick-witted, fast-paced snappy comedy about rural folk getting by in a small town.
331	tt1836037	Walt Longmire is the dedicated and unflappable sheriff of Absaroka County, Wyoming. Widowed only a year, he is a man in psychic repair but buries his pain behind his brave face, unassuming g... Read all
332	tt4834206	After the loss of their parents in a mysterious fire, the three Baudelaire children face trials and tribulations attempting to uncover dark family secrets.
